date,open,high,low,close,volume
25-May-2023,786.3380947431477,788.455225154943,777.407423655138,783.3693237304688,29776930
26-May-2023,787.944211421121,787.944211421121,779.7922252930767,786.3868408203125,26635066
29-May-2023,792.5676872978805,798.6512587386072,790.7912725552128,795.9744873046875,21816292
30-May-2023,795.0498137776772,799.4543434930372,792.5920864341458,796.5828857421875,37125928
31-May-2023,793.249109394473,795.706836766176,780.9602943063138,783.9777221679688,43334270
01-Jun-2023,788.3822359863269,788.3822359863269,778.6971779535536,780.6439208984375,50366938
02-Jun-2023,784.7563519232599,785.9001108734474,779.1838242892643,781.860595703125,17859710
05-Jun-2023,785.754075781894,786.7274471981615,779.8894892349321,780.8385620117188,18697242
06-Jun-2023,782.4203699015892,783.4910548041016,774.9253973543547,778.4052124023438,32182852
07-Jun-2023,780.3762267164857,784.8051144822347,776.7504417142903,782.4446411132812,24949026
08-Jun-2023,780.278861070367,791.350960923385,780.278861070367,782.9312744140625,37395522
09-Jun-2023,786.4355374130215,787.7009085166137,782.1040222342899,783.8560791015625,18212578
12-Jun-2023,784.8051052341397,786.3868338718737,778.4294745818307,779.0865478515625,13408292
13-Jun-2023,773.8789124939628,783.0772840204289,773.8789124939628,780.4005126953125,27926108
14-Jun-2023,783.7829699953168,784.537356602154,778.7944415181629,779.548828125,20113968
15-Jun-2023,780.6439096325554,781.5929230405386,768.4767664026215,769.961181640625,35377476
16-Jun-2023,772.4432372595309,783.1746215295391,770.9101653895649,780.0355224609375,15779272
19-Jun-2023,784.0507042851576,785.6324328940507,777.8941179716442,780.7169189453125,24829146
20-Jun-2023,780.7169656771292,784.0507512165266,774.1467079853705,782.3473510742188,20005626
21-Jun-2023,786.4841646307309,796.8262367213268,784.0507359035319,796.023193359375,24308946
22-Jun-2023,798.1646301932708,806.7059888717916,797.7023024946114,799.9166870117188,56596140
23-Jun-2023,796.9722855006775,807.8497002925832,795.2688853504051,799.8680419921875,21339218
26-Jun-2023,800.5979965482512,803.3964393933287,792.6649956756461,795.9988403320312,16130314
27-Jun-2023,799.6003360457688,814.1766100290189,797.4589662553369,807.2169799804688,33831864
28-Jun-2023,812.7651716503821,817.5833722744769,808.1416572008739,815.75830078125,59562950
30-Jun-2023,829.3124901661796,831.6486054517263,819.2137611926184,828.047119140625,40699016
03-Jul-2023,833.4493066629323,855.3501643562647,832.232592346636,837.0021362304688,44104116
04-Jul-2023,838.7785746015386,850.2400483591142,834.0821044038221,841.09033203125,38795188
05-Jul-2023,835.274343134364,837.0994145323269,812.0594587162262,814.3712158203125,37165754
06-Jul-2023,814.2252369257229,821.4525082286525,808.0930085295972,815.1986083984375,52156544
07-Jul-2023,810.3317601084606,815.1986175265295,806.0976179186929,808.093017578125,19926336
10-Jul-2023,808.3850372058562,816.0503378295722,802.8854644229833,806.1705932617188,38398442
11-Jul-2023,809.3584077333511,815.6853225262156,800.841407050649,802.2528076171875,50670426
12-Jul-2023,805.6352319869237,810.9644765133695,791.9107178120092,794.7334594726562,70958358
13-Jul-2023,806.2922367876993,806.6572510904781,797.2155953198356,798.699951171875,41913546
14-Jul-2023,804.7835648843277,804.7835648843277,795.7312215849707,800.354736328125,24727214
17-Jul-2023,803.0314502823962,818.6053935606003,794.7577929158504,817.0966796875,49252928
18-Jul-2023,826.3924020963348,829.3125165913748,812.7652011194812,816.4153442382812,81076818
19-Jul-2023,818.1673318749405,821.8904894232893,815.1985609379775,820.1140747070312,32935134
20-Jul-2023,818.1917033699069,823.4722315067543,817.6320029145078,821.8905029296875,56210948
21-Jul-2023,817.6320741412428,822.4016183376864,814.3469452719253,815.5636596679688,42154248
24-Jul-2023,816.9019892100436,819.8951183000274,812.813817239081,816.8533325195312,32179444
25-Jul-2023,819.8951884245319,826.879117291901,816.853402383876,825.7110595703125,55992596
26-Jul-2023,827.1710534459679,827.1710534459679,821.5255108693627,822.8395385742188,24794358
27-Jul-2023,827.317122690067,828.8258366410838,811.5241343729674,814.2982788085938,59741302
28-Jul-2023,808.6283856221597,812.2298721075693,798.6999842928814,799.8680419921875,41015684
31-Jul-2023,803.0557764440342,806.3409049738307,797.531846128994,803.6154174804688,34565006
01-Aug-2023,805.1972354940766,811.5241504025686,803.0315076162769,808.993408203125,35394188
02-Aug-2023,799.1379875966741,803.7615021412346,794.830830666086,798.407958984375,28116322
03-Aug-2023,798.1646183703506,803.6884896703888,789.8909607409018,792.6407470703125,57673946
04-Aug-2023,795.8041560498854,806.1948841477191,792.932698459204,804.1021118164062,37388304
07-Aug-2023,809.4070457041624,809.4070457041624,801.8391180613743,803.6398315429688,28300918
08-Aug-2023,803.8588478451442,805.7569341954113,799.1623777784342,802.9828491210938,43773828
09-Aug-2023,804.4914945725491,805.221523152016,793.8330654303563,803.2747802734375,33361236
10-Aug-2023,801.5957522263969,805.099865704745,793.7844225264857,796.1448364257812,50781118
11-Aug-2023,797.385890968424,797.385890968424,786.5814324003055,787.8468627929688,28225822
14-Aug-2023,784.0507318876311,785.9974748594191,778.8188601509507,784.0020751953125,31304410
16-Aug-2023,770.4721710730195,783.3937010320665,769.5961724006356,781.714599609375,34137542
17-Aug-2023,777.5291487912239,783.5154073300141,775.7770919586137,777.3831787109375,52884040
18-Aug-2023,772.6379419530916,776.8964420218484,771.6402124587459,774.1953125,25633366
21-Aug-2023,778.940456720372,778.940456720372,772.3701998220746,773.5869140625,21837270
22-Aug-2023,776.9207993465027,777.723842730673,768.9634990703776,770.2775268554688,32273570
23-Aug-2023,768.9634232990884,774.0979813135489,765.678294750184,772.175537109375,36498588
24-Aug-2023,775.4364030038525,776.8477441031978,767.0897307917666,768.622802734375,43145792
25-Aug-2023,766.3110504597091,767.746749618975,758.4510639302869,759.9597778320312,30069756
28-Aug-2023,759.9597651143588,770.2531801549441,759.9597651143588,767.868408203125,28867238
29-Aug-2023,773.6842594017068,775.1200179106506,769.669102242421,773.976318359375,35538932
30-Aug-2023,780.6195643753474,780.6195643753474,765.8973208258516,768.3307495117188,28084204
31-Aug-2023,768.4767470204652,770.4965046276685,760.7384322394234,764.80224609375,100075772
01-Sep-2023,764.5833196769412,768.4768057096691,758.9134187598048,766.384033203125,43226776
04-Sep-2023,773.830392259731,774.5360628786551,766.481448844147,771.177978515625,25073638
05-Sep-2023,773.0516417713671,773.0516417713671,764.38861183011,766.4813842773438,38712082
06-Sep-2023,767.4060807161218,778.6971658570981,766.4813659496907,776.507080078125,56320910
07-Sep-2023,776.5071078478363,785.510794150052,772.4432937501639,783.9777221679688,34208342
08-Sep-2023,782.7366896240351,794.7091467964383,782.3959739643648,790.0856323242188,34502210
11-Sep-2023,792.762427572447,796.4612273788786,790.3776555229446,794.173828125,31573022
12-Sep-2023,798.164597670977,799.5759981707856,790.8886697671352,796.6558837890625,39033340
13-Sep-2023,793.9304547919241,803.8101394610018,792.6163676755281,800.0626831054688,46420094
14-Sep-2023,800.2330026157181,803.0314455319658,795.7798163539742,799.5759887695312,23538848
15-Sep-2023,803.0315033597159,812.7652185519548,803.0315033597159,808.7500610351562,173411202
18-Sep-2023,804.8565635467733,805.4649207376626,791.3996906023217,792.83544921875,37056288
20-Sep-2023,778.2105490861316,778.2105490861316,759.4244901771611,761.030517578125,115474648
21-Sep-2023,755.8229580049356,763.5855718328563,748.0603441770149,755.9932861328125,72841442
22-Sep-2023,758.7430770496563,761.3711919566923,741.5874045249608,744.4588623046875,61704250
25-Sep-2023,742.195730377536,749.8366724935371,742.195730377536,745.1158447265625,40208754
26-Sep-2023,742.1957087996923,749.4959944600172,742.1957087996923,748.352294921875,27575308
27-Sep-2023,741.2223412220462,745.8458554975613,737.3288555163493,743.0960693359375,39338538
28-Sep-2023,746.5759362770035,748.3279930851168,738.9592924506106,741.5630493164062,55354188
29-Sep-2023,741.5629997895483,747.2815569377753,740.8816873168103,742.8284301757812,32053782
03-Oct-2023,743.1690816035621,743.1690816035621,732.9486816600946,733.9464111328125,38971694
04-Oct-2023,727.5951410981291,747.0625696224938,724.7966982477518,744.41015625,54649430
05-Oct-2023,747.0869560565192,755.1172706279191,745.8945403681716,747.4276123046875,48512674
06-Oct-2023,751.4428415259151,751.9295273041055,744.5562258825445,746.600341796875,17759356
09-Oct-2023,743.6558133244023,744.6291848078113,735.8688414571311,737.937255859375,16454972
10-Oct-2023,740.0300286548502,744.1424994102023,737.426212407623,742.1227416992188,33266292
11-Oct-2023,744.6778161774354,750.5424029295025,743.8991308991633,749.3013305664062,31333360
12-Oct-2023,747.5979877590232,755.3363032633498,745.4079018281694,754.2899169921875,22025336
13-Oct-2023,749.4960266639874,753.7788848660191,744.6048112974557,747.4276123046875,39745300
16-Oct-2023,745.3592240817852,746.794923276397,740.0056808464606,744.4345092773438,17856084
17-Oct-2023,757.1613181665532,757.1613181665532,747.0625893528261,750.0800170898438,32902558
18-Oct-2023,750.0800718553149,750.0800718553149,738.8376426467095,739.6406860351562,31216200
19-Oct-2023,732.6567520860139,742.8041382598725,731.5860077723223,737.3045654296875,30252364
20-Oct-2023,732.4619708663353,743.1690561547468,732.4619708663353,741.125,21094010
23-Oct-2023,741.4657259067877,744.0208260452915,730.0772676931944,732.9730834960938,22376136
25-Oct-2023,740.2490577379119,741.1251158897211,725.8674694399969,728.3252563476562,28311996
26-Oct-2023,725.7701287135245,726.1351430280494,710.6828703798318,712.2159423828125,55561798
27-Oct-2023,715.1847324328306,719.3215614397575,713.9193613244532,715.014404296875,31940532
30-Oct-2023,712.1429661841146,725.1374527205985,711.485952264384,722.7770385742188,23310982
31-Oct-2023,731.9753494856925,731.9753494856925,717.3747773549939,718.5914916992188,32634824
01-Nov-2023,711.6562028835086,719.053802155173,711.6562028835086,717.6181030273438,33877466
02-Nov-2023,722.7282919430866,725.4050633947277,714.0409637501907,718.713134765625,45225154
03-Nov-2023,724.188409593513,725.84315305655,721.0979669049797,722.1199951171875,18095340
06-Nov-2023,729.0552066561768,729.0552066561768,721.7549208752405,727.351806640625,25593730
07-Nov-2023,727.1084929912065,727.1084929912065,718.9321488241404,723.8233642578125,41952848
08-Nov-2023,722.2172785513859,726.8407930714139,720.7815793854345,725.9161376953125,31399546
09-Nov-2023,723.2150058605088,726.4271198457463,721.9982915168673,723.044677734375,22116740
10-Nov-2023,720.3434947549177,728.0818092890966,720.3191961157734,725.8917236328125,14015186
13-Nov-2023,726.1837249264701,728.0574529993991,723.1662973344708,724.5776977539062,20605914
15-Nov-2023,732.0240144584016,735.3577999173147,730.2963157159859,732.1700439453125,41245460
16-Nov-2023,734.7494210785321,739.2756221207742,731.8536647558356,734.0924072265625,29713838
17-Nov-2023,725.16173850318,733.6787387876133,724.6750527726409,732.5106811523438,23701874
20-Nov-2023,736.3554985735485,736.3554985735485,730.7829708116128,732.559326171875,19331452
21-Nov-2023,739.2756311878541,740.7356883923068,735.9174877356371,738.7645874023438,24959972
22-Nov-2023,739.7623206231069,739.7623206231069,731.7563640092628,736.1365356445312,29123650
23-Nov-2023,734.1654184677379,741.6360324879696,734.1654184677379,740.39501953125,13046220
24-Nov-2023,740.3463584220192,746.1622889319527,739.6893445243804,745.6512451171875,16469192
28-Nov-2023,747.1599239182611,748.1576534487249,742.5851254924052,743.97216796875,28489338
29-Nov-2023,746.5272858530379,760.6898293348779,746.0892567948611,758.8161010742188,34042488
30-Nov-2023,763.6829374580863,765.2889647471237,750.542422535641,758.645751953125,69491440
01-Dec-2023,758.2077422076743,762.028213465217,755.3849410922298,756.9910278320312,22153536
04-Dec-2023,772.8569470817542,784.5374047202694,765.873018667368,783.2720336914062,50662456
05-Dec-2023,796.4611682648754,797.6778825457567,786.7274540178253,790.2315673828125,52230820
06-Dec-2023,797.4102676843459,797.4102676843459,786.8005536561491,792.2271118164062,38613060
07-Dec-2023,790.86431017188,795.2444817359088,786.5814519897668,793.5167236328125,20450386
08-Dec-2023,793.5167662504412,805.4649253113081,793.5167662504412,804.5888671875,33728038
11-Dec-2023,803.0557997692163,809.6990123500813,801.5713845523902,803.5181274414062,23187620
12-Dec-2023,805.0754658820659,806.0731953368484,794.1980523054578,795.5364379882812,36581476
13-Dec-2023,794.4901060535459,796.2178641804811,786.0461204150259,793.7357788085938,29346914
14-Dec-2023,801.0847344683164,807.3872910879392,800.5980487244109,803.1044921875,35172366
15-Dec-2023,803.0314839042278,811.7918273650013,801.3767404796611,806.2192993164062,138837130
18-Dec-2023,808.2389706500245,810.1857135762941,803.4937847672423,805.8055419921875,18014754
19-Dec-2023,803.0314705665357,807.2413140972394,800.135714179051,804.44287109375,24008446
20-Dec-2023,806.9249181384845,812.2541029714071,800.3303029144753,806.438232421875,34232520
21-Dec-2023,806.438219443738,822.3771764061897,803.1530909094922,820.8927612304688,36589240
22-Dec-2023,819.3840760112807,820.5034769444852,811.3537615362043,813.1788330078125,48578850
26-Dec-2023,814.3469774999401,820.5278631124984,812.0595781088068,818.824462890625,18045856
27-Dec-2023,818.3620896655261,830.5292334309963,816.9506891067552,828.9718627929688,27009078
28-Dec-2023,831.8919383640549,837.7808237889657,828.3391087868577,829.9208374023438,44076470
29-Dec-2023,825.9057143332578,834.6174011041943,825.4190285852712,831.8676147460938,25011426
01-Jan-2024,830.285869252277,831.8189412093673,823.4722689184366,826.4410400390625,14239686
02-Jan-2024,826.781764297971,828.7285072707376,821.8661907638304,826.927734375,29242092
03-Jan-2024,828.3391176569097,829.6531453722021,812.2541304155426,814.1765747070312,28389762
04-Jan-2024,816.6586975811834,824.9079973714623,813.1058678027235,822.91259765625,26734056
05-Jan-2024,821.1118889384027,829.7505611476026,811.8405014795056,818.7027587890625,31889470
08-Jan-2024,816.9020369293803,818.7757651976441,807.8983504931613,809.577392578125,17998470
09-Jan-2024,811.3781093874959,816.5613241836867,801.4497088247701,803.2747802734375,25326888
10-Jan-2024,799.6246288205809,807.8739279163432,798.8459435594566,805.9271850585938,16115824
11-Jan-2024,807.8983430417109,809.309743595266,799.6246853117656,802.5447998046875,18314010
12-Jan-2024,804.0048258385641,805.95156875827,795.0497965259408,798.7485961914062,19773552
15-Jan-2024,801.9120099654888,818.0700109690749,799.9166104629336,814.1278686523438,28320356
16-Jan-2024,814.2252545636514,819.4084696501124,806.9736250528656,817.2183837890625,25322500
17-Jan-2024,764.0965828252033,777.1397839265529,743.8504686909188,748.279296875,170145236
18-Jan-2024,727.1084960821111,737.32889662945,720.3192537681881,723.2880249023438,161070930
19-Jan-2024,732.924355486129,735.0171279009493,714.6493418669147,715.744384765625,109600538
23-Jan-2024,712.9945662952517,717.7153939258839,693.527137863982,694.6708374023438,115469402
24-Jan-2024,671.7479491345199,709.8067477739886,671.7479491345199,708.5657348632812,86004404
25-Jan-2024,706.9110553088505,709.27146932584,690.8017687875753,698.3453979492188,98941852
29-Jan-2024,704.7453443356181,711.923959354735,703.6503013666003,707.9574584960938,65645498
30-Jan-2024,707.90875580775,712.1185398649957,701.2654836786888,702.9202270507812,41728768
31-Jan-2024,700.5841161285045,717.8371016849802,699.2700884068386,711.80224609375,65761040
01-Feb-2024,713.0189555223712,717.1800828855794,708.6387839338071,713.651611328125,32690740
02-Feb-2024,717.8614275967279,720.7085271394582,701.8251570967384,703.820556640625,44867754
05-Feb-2024,703.7475666832909,706.6190243767684,697.9316959646247,703.1878662109375,38605046
06-Feb-2024,703.5285448598157,705.5482430083341,697.2259293320517,702.8228149414062,41075740
07-Feb-2024,707.1543478186637,707.5437201567751,694.330191039234,695.9362182617188,54837086
08-Feb-2024,695.8876252029665,700.3164537570308,681.6034099643059,682.844482421875,69106124
09-Feb-2024,677.5395933880455,688.2709787615526,675.0331498393979,683.1121215820312,56642124
12-Feb-2024,681.1897546934406,688.0033555217624,673.2567528222265,676.4932250976562,34447812
13-Feb-2024,677.4421602188512,683.4770749934498,673.7433606505093,678.6588745117188,57580994
14-Feb-2024,669.6795681971766,677.2231970540489,663.6203545889955,673.597412109375,91320810
15-Feb-2024,674.0597534612269,688.903668609651,673.7433958465795,688.197998046875,41584944
16-Feb-2024,692.9918479710976,694.8412181662663,685.4725175238648,691.0451049804688,32175742
19-Feb-2024,695.4739454261017,695.4739454261017,688.7576582283627,689.682373046875,34451756
20-Feb-2024,688.6603356526384,709.222808572302,687.102965017942,707.787109375,56133508
21-Feb-2024,712.507885437546,712.507885437546,698.3939997287421,700.4137573242188,45893136
22-Feb-2024,689.9987587340186,695.3766603212918,687.2976289140083,690.8748168945312,50560882
23-Feb-2024,692.3348761341468,697.8587478235042,690.1204320838871,691.3858032226562,29833452
26-Feb-2024,687.9546346452112,698.3210050066913,687.9546346452112,692.213134765625,23506870
27-Feb-2024,687.9546948776648,694.3545652339111,687.7113519923358,691.1668090820312,32087150
28-Feb-2024,691.1667470533215,693.1377886016653,683.3067606806109,685.9348754882812,25321986
29-Feb-2024,682.3820552900959,686.4215706434694,680.0459994144303,683.0147705078125,53295700
01-Mar-2024,681.360036052442,697.2989940386686,681.360036052442,696.3256225585938,34738898
04-Mar-2024,696.422958130924,699.3674307159147,693.186545384466,697.274658203125,35616474
05-Mar-2024,692.067075174591,702.2874750189414,691.8967470591605,701.2410888671875,37991672
06-Mar-2024,697.6883641851937,707.0813632922424,697.6883641851937,702.0928344726562,42409530
07-Mar-2024,703.5042650748312,706.205394802925,701.5088653436588,703.7962646484375,49348046
11-Mar-2024,695.9605773947812,703.7231908402335,692.553777365576,694.889892578125,50531094
12-Mar-2024,697.9073192338245,712.5078907659129,695.5955620745772,710.3421630859375,65418454
13-Mar-2024,713.2379447418698,716.2067158438075,705.7429725398497,710.755859375,63067454
14-Mar-2024,711.5831514808099,713.4812375965001,702.9201816497791,708.3466796875,52432158
15-Mar-2024,705.6943406988961,710.2205419583659,701.9225261192986,706.9840698242188,143613804
18-Mar-2024,704.2342392927528,708.6144107880084,698.7833829737194,703.7719116210938,21437856
19-Mar-2024,698.6374048635253,706.8624060469253,698.6374048635253,705.3779907226562,36183594
20-Mar-2024,705.2320233558721,706.4973944482159,693.3568789456579,696.4716796875,43606094
21-Mar-2024,702.0927826471133,706.3026258563286,700.000069771983,703.6258544921875,28922860
22-Mar-2024,701.3141208411934,706.0593065998343,699.7323922549797,702.2144775390625,45980326
26-Mar-2024,694.5978614753975,699.8297331586394,692.1401341445468,693.7218627929688,56844290
27-Mar-2024,692.8214782766382,704.6965622791422,691.7020773602309,701.1680908203125,62168668
28-Mar-2024,701.1681292352769,710.8045307526719,701.1681292352769,704.6723022460938,55592142
01-Apr-2024,709.5878149173326,717.2774734382766,708.4197572494843,715.67138671875,25199570
02-Apr-2024,713.0676337207477,727.5221766350272,712.1429189199621,720.367919921875,41225446
03-Apr-2024,716.450076374618,727.9115494819865,716.109420115624,721.414306640625,45584386
04-Apr-2024,731.9753490842609,744.62917825726,731.9753490842609,743.4611206054688,88935066
05-Apr-2024,749.0093625181328,756.5529915753328,744.7022055513205,754.1439208984375,59055902
08-Apr-2024,756.7720051664586,757.8914061879058,750.2504634550537,752.7081909179688,20482940
09-Apr-2024,756.7233110790663,756.7233110790663,749.6420692068525,753.6572265625,21884494
10-Apr-2024,754.3142814277871,754.3142814277871,746.0649220391629,747.7196655273438,27807400
12-Apr-2024,740.2490112702176,744.5561681914903,736.5745101656407,739.2512817382812,41084208
15-Apr-2024,728.8361984614614,734.8954117012732,726.1594270943376,727.4490966796875,23415248
16-Apr-2024,723.7016987771374,736.3068713842836,721.3899415012858,734.5304565429688,20744886
18-Apr-2024,734.7980983246009,739.2025682918519,725.6727413912242,727.4490966796875,34234884
19-Apr-2024,723.4827148610226,747.0382572891224,720.4165709168466,745.2619018554688,34576434
22-Apr-2024,757.9643557818745,757.9643557818745,734.0680986992392,735.9661254882812,42298438
23-Apr-2024,742.8284760660457,742.9257894510552,731.6103458842442,733.7274169921875,26827060
24-Apr-2024,737.3288649584306,740.613993564681,734.4331086916868,735.7227783203125,22441580
25-Apr-2024,733.0704121681982,739.616311752735,733.0704121681982,735.260498046875,35445204
26-Apr-2024,739.6650141563123,743.6558134751455,732.729742335618,734.7981567382812,24854694
29-Apr-2024,737.3289207914913,746.7949349875348,733.216449914726,744.3858642578125,36093350
30-Apr-2024,744.2398024289921,749.2526892649995,737.2802320622603,739.8109741210938,52307382
02-May-2024,740.7357142083232,748.0360004850149,739.9326708359107,745.7242431640625,33475006
03-May-2024,746.2108990812835,749.7880273318675,733.5327119903678,739.567626953125,31865242
06-May-2024,740.7357053714223,746.819277196089,738.3752913854279,741.0520629882812,28793396
07-May-2024,740.7113274497933,741.7334150168236,732.0483570497901,733.021728515625,28480602
08-May-2024,728.0574791574124,728.5441648774708,720.465193806477,721.5845947265625,41687862
09-May-2024,717.83709973452,723.5800151607533,703.4069152466064,704.4776000976562,46281278
10-May-2024,709.9042861034679,716.2929072582592,703.8856637079383,709.3616333007812,27276608
13-May-2024,706.4509373389452,720.1655815796556,705.6122976051453,717.9208984375,27047202
14-May-2024,716.4408878596623,722.9775322143812,715.4789152317669,720.7328491210938,25665142
15-May-2024,720.1161379403006,720.1161379403006,708.3255604595557,709.6575317382812,38931996
16-May-2024,713.3822271543565,721.5221990437014,708.1775543730138,720.3875122070312,34945236
17-May-2024,713.4562165510583,724.210870736283,713.4562165510583,722.286865234375,20920190
21-May-2024,715.380219686854,725.0495080646152,715.380219686854,719.6722412109375,43769978
22-May-2024,719.2035821431577,723.0269026870767,714.4182889056816,719.8695678710938,39996278
23-May-2024,719.5982164877166,737.8514873644924,718.808897899437,736.3468017578125,40861920
24-May-2024,733.8308016870678,749.814758588212,733.0908042399884,748.4827270507812,31060206
27-May-2024,751.5168000055969,762.1974428837648,749.3955099218479,753.6627807617188,29385440
28-May-2024,754.8467837037828,757.7821433020647,752.2321619595608,755.0441284179688,27908904
29-May-2024,748.8774560751649,751.763434227272,740.6141508121484,744.0921630859375,35147706
30-May-2024,739.6027730570852,751.6400771573121,738.8381451452329,747.3234252929688,33755350
31-May-2024,749.370736784836,757.7573743920395,746.9040786650703,755.5620727539062,74079588
03-Jun-2024,788.8373406823981,788.8373406823981,764.6640888415991,775.6160278320312,72637256
04-Jun-2024,768.1173430540747,769.1040063078372,717.304185485308,731.684814453125,89531240
05-Jun-2024,737.062160780223,769.4000136473305,731.2901444599279,765.5520629882812,81631650
06-Jun-2024,772.0147015010076,772.2859977724349,762.9867083301413,769.4493408203125,46422870
07-Jun-2024,770.1154063679018,781.6099978301712,765.6754214599775,776.183349609375,36712216
10-Jun-2024,776.5039961939522,779.7846636223554,768.4133453075493,770.2387084960938,22454058
11-Jun-2024,767.6240504407497,775.0240252200629,765.7493660748642,771.9653930664062,29545326
12-Jun-2024,776.9973227739393,783.5586575880445,772.7546827700062,776.5780029296875,39280436
13-Jun-2024,780.3273770852536,782.2760131134276,776.5040566032491,779.8340454101562,24120192
14-Jun-2024,781.4372796414563,788.8372538804852,778.3292663726063,787.80126953125,25540554
18-Jun-2024,787.8013228802739,794.5106212671108,784.1259659599784,793.1786499023438,32415714
19-Jun-2024,795.941305047812,823.8145435842582,791.3039754417663,817.869873046875,90131196
20-Jun-2024,823.7651872236406,829.5124525875813,814.983860042712,823.5431518554688,41408742
21-Jun-2024,825.2697933574087,825.2697933574087,810.6178682451445,821.7671508789062,51630776
24-Jun-2024,812.5172157896385,826.3798229097616,811.9005512360641,825.0478515625,28544994
25-Jun-2024,824.4065232844747,847.025767804676,824.4065232844747,844.2631225585938,74521548
26-Jun-2024,842.5857736709851,844.041138181783,834.2731473521208,839.40380859375,47596666
27-Jun-2024,836.7397746618053,845.0770913433391,832.0531241260426,836.7644653320312,55074650
28-Jun-2024,837.4797542547091,841.9197388781129,828.3037980772367,830.6718139648438,26476046
01-Jul-2024,828.7971921822882,842.2651706437105,828.7971921822882,841.2291259765625,21187024
02-Jul-2024,846.0637432263002,855.8810546817267,840.0204307746837,853.7597045898438,45921690
03-Jul-2024,883.5570176331604,885.0370126375711,870.5577402219837,872.5310668945312,123217802
04-Jul-2024,868.1404005851939,868.1404005851939,850.9231133709549,852.0578002929688,45848658
05-Jul-2024,831.2638253093144,831.2638253093144,810.1492067263514,813.0598754882812,82242548
08-Jul-2024,811.678583484828,816.4391857049037,802.7246020410699,806.7698974609375,39087800
09-Jul-2024,801.6639054458949,812.3691778178521,799.369901303005,807.3372192382812,48550878
10-Jul-2024,804.1059188594888,809.0639261539534,799.5672916548901,802.2066040039062,45507182
11-Jul-2024,801.1458762280633,802.0832183690328,789.8239394111588,800.1345825195312,44177074
12-Jul-2024,800.1839277769812,808.2745787950348,794.8312914757237,800.5292358398438,56049960
15-Jul-2024,800.9239527377698,804.031966294815,796.8292758573642,800.2332763671875,33375694
16-Jul-2024,799.5673062806881,802.6506292263948,797.6186702674619,799.073974609375,28950324
18-Jul-2024,793.2772787604164,801.1458943462288,788.9113057816174,796.6319580078125,33717064
19-Jul-2024,797.2239682199486,800.6772898644657,791.0573224261681,792.9320068359375,26002152
22-Jul-2024,797.7172520784763,814.4905276323838,795.5712715150735,810.3218994140625,53744822
23-Jul-2024,812.7885887086006,812.9119216218081,791.7973027922226,798.407958984375,52002152
24-Jul-2024,793.3513220807449,799.6906218755655,783.4353677463822,791.3286743164062,61728206
25-Jul-2024,785.8773432331659,801.6639565310072,785.8773432331659,797.5199584960938,25535732
26-Jul-2024,791.7972838101718,800.0605887969758,787.5792741911353,798.2846069335938,43810540
29-Jul-2024,796.7306475152811,805.0432741154053,788.4920327099303,791.822021484375,51001148
30-Jul-2024,790.3172853310259,806.4738965011826,788.8372904146756,797.001953125,54595834
31-Jul-2024,796.237255579839,803.0945773220608,793.8692396532248,797.1005859375,37820484
01-Aug-2024,800.627938629233,814.0219048337823,798.1859108540549,808.471923828125,26215174
02-Aug-2024,804.6238722852388,824.1104712768188,804.6238722852388,818.5111694335938,44119238
05-Aug-2024,809.1131991555811,812.02386783421,789.8239443515008,797.1005859375,41333634
06-Aug-2024,804.1305829139676,805.5858871810888,786.0253355957136,789.922607421875,45116050
07-Aug-2024,797.7172336137804,804.130544706532,790.415901512036,800.9238891601562,42346264
08-Aug-2024,801.1705962949537,815.6252376687839,798.8272709671206,810.3958740234375,33976950
09-Aug-2024,814.9838462106346,820.1885189537674,811.9252142176729,814.0958251953125,26644618
12-Aug-2024,814.9838840860709,826.7991529902637,812.6898798741655,818.9798583984375,39316196
13-Aug-2024,803.1438891669751,805.314560371115,789.8979470194763,790.9092407226562,54055042
14-Aug-2024,792.5372946697382,796.0892584565494,790.9092761384464,793.1786499023438,32334428
16-Aug-2024,803.3906439659711,806.1779800129083,794.757339532809,805.1666259765625,27849246
19-Aug-2024,807.9045746403995,807.9045746403995,801.0225621096914,804.895263671875,19502164
20-Aug-2024,802.8726105839366,812.0239372458545,802.8726105839366,807.9292602539062,31134494
21-Aug-2024,803.1932814957441,806.3753069063249,798.1120014172305,802.0586547851562,47630904
22-Aug-2024,805.1172807347715,808.2252943260683,803.1439540663039,804.77197265625,21300638
23-Aug-2024,806.1038926835937,806.1038926835937,800.6772446912317,801.6885986328125,20333422
26-Aug-2024,805.2159251748899,812.9858989531632,805.2159251748899,809.0392456054688,22364266
27-Aug-2024,810.7412543536698,812.714580974844,805.2159036816922,807.9539184570312,35773244
28-Aug-2024,807.9539173658313,808.9405806750858,804.2292392849356,807.6332397460938,26921188
29-Aug-2024,810.0505418236547,811.2345497877237,804.6979056469421,808.3485717773438,49052604
30-Aug-2024,816.9572296027775,819.9172195651064,799.7646332824804,807.5346069335938,445342100
02-Sep-2024,812.4185353190471,812.4185353190471,800.7758609185206,802.6258544921875,34049680
03-Sep-2024,806.1039427589494,809.0392420850643,801.466613051357,807.756591796875,37282860
04-Sep-2024,808.5705516272349,811.4318992052836,805.1172301742814,809.951904296875,24682744
05-Sep-2024,812.0238589250097,813.947864316631,810.0505324148638,811.7525024414062,22876318
06-Sep-2024,808.2252499925564,812.8872099026286,806.1532209716318,807.5592041015625,26029602
09-Sep-2024,808.0772497858858,813.2572321563082,804.1799176724811,812.2705688476562,23792914
10-Sep-2024,815.9705333718649,815.9705333718649,808.0772271240113,814.1698608398438,26606646
11-Sep-2024,814.1945707781381,815.2305552034559,808.6692201411954,810.9879150390625,22226684
12-Sep-2024,815.970556634334,823.8638631072175,812.541925723635,822.1865234375,32424046
13-Sep-2024,825.8371886289187,825.8371886289187,817.4752411837702,821.8658447265625,23860532
16-Sep-2024,822.383822656841,827.7118283198007,820.9285184448568,824.3324584960938,15172820
17-Sep-2024,827.8104775064535,827.8104775064535,820.9778464556504,823.2718505859375,20127122
18-Sep-2024,824.7764529489335,838.1210972952287,824.4064542356848,836.0984497070312,40917342
19-Sep-2024,838.2691083056365,848.0370989791965,838.2444778560398,842.8571166992188,30651776
20-Sep-2024,846.8037464482039,860.8390072921377,842.3884524296358,858.989013671875,60623386
23-Sep-2024,862.8370939539058,871.3963864151646,858.5204418257773,868.1651000976562,26965350
24-Sep-2024,870.7303607683197,878.9443447710721,865.4270455398441,872.2350463867188,33039036
25-Sep-2024,868.3376691203036,882.0769427901153,868.3376691203036,877.686279296875,31965312
26-Sep-2024,874.7017352717152,882.0770195965482,872.2350769395101,879.8323364257812,31899644
27-Sep-2024,876.6503084858455,877.2422823547212,863.3303544458242,864.6376953125,35613502
30-Sep-2024,862.738402689165,864.0456833682003,850.701098537286,854.47509765625,26383534
01-Oct-2024,850.5037447767241,859.3837142697525,848.5797393423385,851.5890502929688,24572284
03-Oct-2024,846.3844351066934,851.5644172954591,825.5164827720641,829.7838134765625,48473398
04-Oct-2024,826.083866681385,834.0511850540141,815.4772359655595,817.771240234375,48683232
07-Oct-2024,815.0824984433904,818.4371776300311,795.7439225540929,798.1119384765625,94458296
08-Oct-2024,804.1306032900168,817.3519158252083,800.1839500223357,814.5152587890625,29734406
09-Oct-2024,813.7505304861846,817.3271848335777,803.4892084079638,805.6845703125,41125642
10-Oct-2024,808.5705299330368,821.6191272702827,805.363874384187,820.114501953125,21754766
11-Oct-2024,821.1258260358886,821.1258260358886,810.6672193318118,814.4905395507812,23672594
14-Oct-2024,816.9819085005773,834.741848018609,815.9705545228965,832.7931518554688,18527508
15-Oct-2024,835.7038196244212,837.6771462351046,826.5771840500105,830.81982421875,19651130
16-Oct-2024,828.8465156450762,842.585790426718,828.8465156450762,838.565185546875,20470682
17-Oct-2024,836.1724403142362,837.5044718768119,821.4958240034423,825.4178466796875,14695732
18-Oct-2024,820.4598702584595,834.2238355924767,816.0198853262701,829.7098388671875,24809724
21-Oct-2024,846.063768270474,862.4177242903107,844.1151323678729,852.8223876953125,46548354
22-Oct-2024,853.4884373802005,858.3970631644344,843.9424218629189,845.841796875,38875280
23-Oct-2024,841.1551854708522,861.603759041874,841.1551854708522,856.3251342773438,38036090
24-Oct-2024,857.4597103207274,872.5310159915173,857.4597103207274,863.15771484375,30832258
25-Oct-2024,865.7970368926951,867.2030200365818,852.8223905419693,860.0744018554688,26130478
28-Oct-2024,859.383716444917,863.8237012026692,852.9210840084185,855.5357055664062,22012142
29-Oct-2024,851.5644426318723,870.2370336046123,851.0464203091243,864.2430419921875,35794926
30-Oct-2024,859.3836983279829,865.6736766021975,850.6023712370916,855.7330322265625,32715724
31-Oct-2024,852.4771270596069,857.8544543150349,848.2344867353692,856.2757568359375,22895912
01-Nov-2024,854.9437133825962,860.4196824223525,851.5397130969706,857.0650634765625,1759692
04-Nov-2024,860.8637106769045,860.8637106769045,844.0411138190809,845.6197509765625,28089248
05-Nov-2024,840.1437747820238,869.5956493162819,837.6277954866241,867.2030029296875,44232406
06-Nov-2024,873.9369881601011,873.9369881601011,861.0363539084846,865.9203491210938,27787910
07-Nov-2024,860.5184217555121,868.7323455565536,857.4104082699865,861.62841796875,18895456
08-Nov-2024,864.3169963876733,869.15167034177,861.2829948869464,865.525634765625,19902986
11-Nov-2024,865.5750573030832,879.5116762015548,863.9223481240455,871.3717041015625,24565362
12-Nov-2024,874.1837241378527,875.6637191561447,842.931174712482,847.6424560546875,31395406
13-Nov-2024,846.9270867373347,853.1677439816382,825.3438276461692,829.463134765625,35728500
14-Nov-2024,825.39317914741,841.05645917869,824.8998474928816,835.087158203125,27146470
18-Nov-2024,838.6637692715708,847.987749103584,836.1971111266544,841.1797485351562,27081968
19-Nov-2024,845.5704607570133,865.1803941380466,839.9957889401087,859.507080078125,50981272
21-Nov-2024,863.0343691875372,867.7703408111802,855.5356922473849,858.989013671875,35716512
22-Nov-2024,860.148374275574,865.4516892160756,853.2417315623627,861.15966796875,24773612
25-Nov-2024,880.6216480727867,889.7482832055338,870.6810037082952,880.8929443359375,427737274
26-Nov-2024,892.9302818593218,892.9302818593218,873.0983737208503,880.8683471679688,30935566
27-Nov-2024,883.0143007972586,896.5562300169572,880.6709755435701,894.06494140625,32714976
28-Nov-2024,897.3702251985009,905.8061839354122,882.07694483503,884.6176147460938,35722392
29-Nov-2024,888.6383310231244,890.2662893460416,879.561016559754,886.04833984375,27669536
02-Dec-2024,889.7236388960249,892.0176431336934,875.6636867426915,890.3156127929688,15110876
03-Dec-2024,899.1955156163089,906.4475265301775,895.9395389832724,900.9715576171875,43410242
04-Dec-2024,906.7435619082082,920.0635162996781,903.3642521901575,917.6461791992188,44669084
05-Dec-2024,917.596875706611,927.4388181075851,905.3622266087298,920.4335327148438,39682714
06-Dec-2024,916.1168429341786,919.6688066050771,909.7035317020062,915.5494995117188,17783156
09-Dec-2024,914.4642517338581,927.4635290462065,912.1702474502318,922.5302124023438,26947912
10-Dec-2024,926.3288062229569,926.3288062229569,916.881553393078,921.5928344726562,13325480
11-Dec-2024,918.4354833328279,923.4675021564423,915.9935158212785,919.1261596679688,14045426
12-Dec-2024,913.1568815747593,921.864197216933,912.0221946944998,917.2268676757812,17293790
13-Dec-2024,918.8301759997277,924.9968214762359,902.4268990322158,923.3934936523438,19009002
16-Dec-2024,920.1128492893367,922.5054957499956,915.2535445762154,920.1621704101562,13107082
17-Dec-2024,915.7962178924912,918.7562078618506,901.0702798391582,904.4002685546875,21079532
18-Dec-2024,902.7229483325016,905.7569501607671,891.5243434620028,893.275634765625,23422312
19-Dec-2024,887.7995941182149,888.5395915672278,877.6369745293333,884.790283203125,25380770
20-Dec-2024,879.2156362475025,886.7883251977108,871.7417099804251,873.93701171875,25692348
23-Dec-2024,879.1169941259847,890.956953642833,878.7716860618692,888.4902954101562,11044592
24-Dec-2024,889.0083275055933,892.2889348142179,882.8416818560752,887.0596313476562,14485834
26-Dec-2024,887.2816657547127,893.916952377888,878.5003382709294,883.4336547851562,10481678
27-Dec-2024,885.4316968356189,890.9322967259654,882.6196702111419,887.1336669921875,7259330
30-Dec-2024,884.1489668763874,895.3969526845203,873.6903598921683,877.0943603515625,22222218
31-Dec-2024,873.3450067875037,879.0183205202264,871.0263119988338,874.6029663085938,14117236
01-Jan-2025,874.8989910757854,885.0369805772112,868.80635723923,879.4869995117188,7313806
02-Jan-2025,876.699651347947,889.6989281059142,874.6770036544534,884.9136352539062,18558576
03-Jan-2025,883.5569553072743,885.6536147489581,861.5050553855514,862.9356689453125,24426194
06-Jan-2025,858.4463541498661,866.8823129474961,841.5251154360177,843.84375,18816348
07-Jan-2025,846.063732614296,849.0237223493897,838.6637582765616,845.2744140625,13527906
08-Jan-2025,842.7338203435289,844.4111600559388,830.4498497882179,835.8518676757812,19738190
09-Jan-2025,830.844525028491,833.237171528912,817.9932112311335,822.778564453125,40420222
10-Jan-2025,824.3571854708366,826.2811909461473,815.9705474379197,817.3272094726562,17453280
13-Jan-2025,809.0639234971638,812.3939122066796,801.3186405131205,804.5499267578125,21669066
14-Jan-2025,809.0145872775671,817.0558570637163,807.5839134440961,812.3198852539062,26661432
15-Jan-2025,817.2038902170349,820.2625224034592,807.2386148292592,810.568603515625,14022892
16-Jan-2025,815.4032351586193,819.2019251337407,810.4699184801376,815.0086059570312,21212454
17-Jan-2025,810.7905598983193,814.2438814190301,803.3905852110819,807.4605712890625,23112076
20-Jan-2025,802.1572673696536,819.3991845447669,802.1572673696536,814.6138916015625,17557618
21-Jan-2025,818.0672195171876,819.4485722440602,805.6352858599316,810.2479248046875,31158144
22-Jan-2025,810.2479165643738,824.8012002853578,801.8859089377631,821.9152221679688,30619306
23-Jan-2025,832.2505181334424,832.2505181334424,814.6139111249832,821.347900390625,34909158
24-Jan-2025,818.9305795964561,824.0119199318104,811.2839386423929,813.8986206054688,24236200
27-Jan-2025,809.6065327196525,810.839861804967,802.157237088582,804.0319213867188,22804166
28-Jan-2025,812.5172453545283,830.9185403912116,812.5172453545283,824.0612182617188,30179312
29-Jan-2025,826.3304621132276,829.3644636153648,823.2964606110903,827.4651489257812,12619890
30-Jan-2025,829.2905374831995,837.6278547525732,825.1219089590883,834.4705200195312,25744846
31-Jan-2025,832.3738053097981,840.9824182950722,830.7457868177106,838.047119140625,15821686
01-Feb-2025,837.4305042201771,845.0771450539991,826.8485640579613,834.1991577148438,5587528
03-Feb-2025,823.8638327488314,832.1518283284162,820.6324864421063,827.8104858398438,20276540
04-Feb-2025,833.0891713164636,851.391824544325,828.8219005259823,848.9744873046875,28616502
05-Feb-2025,854.9437515638108,860.4690419690123,847.9877873258422,857.311767578125,23675506
06-Feb-2025,856.1770794811201,862.8370567631686,850.5037655001158,860.29638671875,26760716
07-Feb-2025,863.3304057123341,871.7170439392539,850.997114202158,854.8204345703125,23509600
10-Feb-2025,847.1984039096569,850.2323451556149,842.8570616226162,846.4337158203125,17195950
11-Feb-2025,840.1437497009048,844.090402664855,833.0890834393857,839.3544311523438,22724704
12-Feb-2025,835.2104321766692,844.5837329512449,829.38909497558,842.0184326171875,22809570
13-Feb-2025,838.1704689996619,845.6937766231139,835.4818356095761,837.5291137695312,12602434
14-Feb-2025,839.601120018604,839.601120018604,828.7971451888767,836.1231079101562,19959892
17-Feb-2025,831.3624591587258,848.5304243918573,829.413823260936,847.2230834960938,12938946
18-Feb-2025,845.1017788797033,854.2284140997132,841.697778564227,850.0350952148438,16350910
19-Feb-2025,847.0504387449713,857.3610822217985,844.8057556604201,852.0823974609375,11884112
20-Feb-2025,844.0904430253034,845.9157460199498,831.4118438608401,832.2998046875,26390510
21-Feb-2025,829.2411711352042,836.1724445897772,827.4404985932164,834.9638061523438,15680940
24-Feb-2025,829.339781575346,830.8690975664632,819.4731490892408,827.366455078125,20693646
25-Feb-2025,824.406500920576,832.7438177754724,824.406500920576,829.9564819335938,24138708
27-Feb-2025,830.0552335524236,843.9671626938127,830.0552335524236,839.0091552734375,35786800
28-Feb-2025,831.2638337603047,857.0404125816553,831.2638337603047,854.6477661132812,54516728
03-Mar-2025,858.2984018170607,859.9017296292334,835.7531099870528,839.428466796875,21205364
04-Mar-2025,837.6771272358142,845.7184570804238,835.3338019387764,843.5971069335938,19920958
05-Mar-2025,839.6257577393887,843.991790915382,832.8671383829512,833.73046875,21583872
06-Mar-2025,832.2504799228543,838.6144701478811,824.973838204501,834.3224487304688,32966088
07-Mar-2025,829.7838192395386,839.2311321984157,827.6131479773222,833.3604736328125,13372914
10-Mar-2025,833.2371287977431,838.6144556459366,830.3018296675241,832.4971313476562,15604050
11-Mar-2025,829.9811819724781,835.7038170818192,823.8885481247595,831.510498046875,19898430
12-Mar-2025,834.4951408301645,847.7904041385841,834.4951408301645,844.1644287109375,18784106
13-Mar-2025,846.5818201293218,848.9251455168071,838.6885135609504,841.9197998046875,15736264
17-Mar-2025,841.1304307424771,850.5037317302232,841.1304307424771,843.79443359375,18950652
18-Mar-2025,843.79443359375,843.79443359375,843.79443359375,843.79443359375,0
19-Mar-2025,855.930432694155,863.823739278078,854.5490799535085,860.4197387695312,15221406
20-Mar-2025,865.3037412350927,875.1703745445009,862.985106495842,872.5803833007812,17833978
21-Mar-2025,866.0684175252852,875.2196836615442,866.0684175252852,873.3696899414062,33508264
24-Mar-2025,877.6369838460287,890.1676194932312,874.997671627427,887.9969482421875,17393736
25-Mar-2025,890.4143157035983,909.5555477752322,888.7369760332164,898.5789184570312,39101416
26-Mar-2025,900.3302775382388,901.5636066855513,888.9836493829623,891.2283325195312,24478442
27-Mar-2025,887.9969842041877,908.2235821777275,887.0596420099644,900.5029296875,41658100
28-Mar-2025,902.3036249715724,905.7569466636451,890.8829847599874,901.908935546875,28773648
01-Apr-2025,888.9836405685396,892.8809726796349,870.9030234039785,872.1363525390625,28511006
02-Apr-2025,873.5423260418547,887.602278026219,873.5423260418547,886.4676513671875,11573564
03-Apr-2025,878.6729886492828,889.9702954640933,876.6503409310941,885.456298828125,11250038
04-Apr-2025,894.4102660639704,908.6921929973271,893.4729239008652,896.5316162109375,33540454
07-Apr-2025,869.6450067324856,878.0562747489253,857.5090006629878,867.1289672851562,37995450
08-Apr-2025,870.730371547347,879.1170096868965,863.4784203033727,872.7777099609375,35563872
09-Apr-2025,870.7303466796875,875.6636630914704,865.0570328061372,870.7303466796875,22454608
11-Apr-2025,875.540352413462,897.567622795633,875.540352413462,891.3269653320312,32775766
15-Apr-2025,920.0634812745557,925.8848185421238,915.1301650210728,920.01416015625,49298344
16-Apr-2025,929.3381542000717,929.3381542000717,917.8435030643678,926.476806640625,19136820
17-Apr-2025,928.4501090482869,947.0486870380013,925.8354273732423,940.6353759765625,35703084
21-Apr-2025,949.170085798879,962.3420166432835,942.2634427629204,950.6994018554688,34247298
22-Apr-2025,954.5967457498784,972.1593405008402,954.5967457498784,967.7686767578125,45961750
23-Apr-2025,976.2540297557508,976.2540297557508,947.4434488933124,949.1207885742188,30570642
24-Apr-2025,942.2634238174406,949.1207455952106,939.8460867592294,945.6181030273438,25931754
25-Apr-2025,949.5647662059754,953.6100615716746,933.2848220611925,942.8554077148438,18500878
28-Apr-2025,942.8554253066497,951.982060830828,941.4741328194633,947.29541015625,13920492
29-Apr-2025,946.6048254524144,951.5381421157663,937.4288082816594,941.6715087890625,18918308
30-Apr-2025,943.7434115323153,955.5340495753018,942.4114402150566,949.6633911132812,31936870
02-May-2025,952.0314262519853,958.0007270723939,947.1967520748111,948.1340942382812,17840404
05-May-2025,956.5700467268101,962.9833580251333,953.2647488384409,955.4847412109375,15068024
06-May-2025,952.1300492793257,957.112686715781,949.3180830668039,952.9686889648438,17490156
07-May-2025,954.1033540161453,961.3553047488027,948.3807192627594,959.8259887695312,21420778
08-May-2025,964.364722012384,964.364722012384,946.752746184645,951.3900756835938,34803430
09-May-2025,942.3127568324845,946.7034204881495,930.8181657127636,932.248779296875,17188796
12-May-2025,946.0127244576516,966.8806765571811,943.3981029435623,965.5486450195312,18618972
13-May-2025,961.9967305905121,967.7686868855955,947.1967808891196,948.4794311523438,24242102
14-May-2025,948.2327622761527,952.2287366384547,938.8101397074491,942.5594482421875,15445308
15-May-2025,943.9901042439285,959.4314088460198,935.85013208818,954.0047607421875,32241458
16-May-2025,954.0047801554118,958.9380967138302,951.340777169636,954.44873046875,15868010
19-May-2025,955.5834183781088,959.5300716290252,952.6234284399217,956.4220581054688,10202964
20-May-2025,951.1927398071444,954.3993955236706,943.7434439560598,944.6807861328125,23879090
21-May-2025,950.6500948788123,960.4674068130723,947.739426083267,950.5514526367188,15132040
22-May-2025,944.828766015395,949.2687509312965,939.895449442171,947.1474609375,21306670
23-May-2025,947.2460290070277,955.583345407158,944.4833839865793,953.906005859375,9566072
26-May-2025,954.5967478346391,961.947401503022,950.6007734925844,957.1620483398438,10802860
27-May-2025,952.9194312599001,961.0100826032541,945.3714929245052,950.3048095703125,26162148
28-May-2025,947.295443323748,954.3501102535763,946.0621141556768,948.9234619140625,18157594
29-May-2025,951.1433943336576,957.4580633637506,940.9314535555673,950.896728515625,28917794
30-May-2025,953.0674622365118,961.4047794767922,949.8608063918771,959.4807739257812,28748078
02-Jun-2025,952.1794133521448,955.0900821550082,941.276795842849,953.1660766601562,14668822
03-Jun-2025,956.0767204883472,962.9833634640112,947.1967509482078,949.466064453125,24377584
04-Jun-2025,947.6901200517409,958.6914401720352,947.6407989299088,957.6553955078125,12961542
05-Jun-2025,961.0100588418235,966.3873858970264,957.1620478647775,961.7993774414062,22255418
06-Jun-2025,959.0366899431259,984.8379583134906,958.3953347348495,976.1552734375,30127008
09-Jun-2025,984.196594423998,984.196594423998,974.7739724063232,976.2539672851562,13202588
10-Jun-2025,978.1780428487654,978.1780428487654,967.472709657825,969.5447387695312,15533126
11-Jun-2025,970.6793723493836,970.6793723493836,960.516752091058,962.194091796875,11096394
12-Jun-2025,961.9966994408974,967.4233474890254,954.7447484104943,958.74072265625,16349130
13-Jun-2025,947.19676434732,953.6100757725884,943.7434428106371,946.0127563476562,12117762
16-Jun-2025,949.1700746468088,956.520728121515,947.2460692080249,954.7940673828125,16513746
17-Jun-2025,955.5834055099792,957.852719054467,946.7527569357399,951.9327392578125,16978736
18-Jun-2025,945.7167603313338,955.2380851367438,945.7167603313338,954.0540771484375,18433816
19-Jun-2025,954.0540746334422,960.4180648603083,949.9593979158449,954.7447509765625,16876220
20-Jun-2025,952.9193918485255,971.8140179089729,952.9193918485255,969.2486572265625,32900408
23-Jun-2025,961.2073364257812,965.8939867961492,957.9513597916495,961.2073364257812,11739518
24-Jun-2025,969.3966711141703,976.3033140635843,964.7593416610487,967.3740234375,22625322
25-Jun-2025,969.8900392545883,977.7833457795492,968.854054817417,976.8953247070312,18405932
26-Jun-2025,977.4873577522009,1000.032590400823,976.7966813877978,997.41796875,50084830
27-Jun-2025,1004.0015037809444,1007.393088107433,994.2258430942326,1004.9491577148438,28213384
30-Jun-2025,1003.2533964547342,1004.400566128524,995.2732550959096,998.2658081054688,13649020
01-Jul-2025,1000.0114368496795,1005.4977838847651,999.5126780283082,1003.5526123046875,14389386
02-Jul-2025,1007.4429706558585,1007.4429706558585,986.4950998423908,990.5350341796875,18878250
03-Jul-2025,994.9739612315547,1001.507689459166,989.6871300276722,991.0836181640625,16860506
04-Jul-2025,991.0836632772651,999.2633203019867,987.5424877454124,992.1809692382812,7863944
07-Jul-2025,992.0312782906421,996.7196233059492,989.4377568185034,991.2332763671875,11349426
08-Jul-2025,986.0462146584523,1000.0114620081927,986.0462146584523,998.2159423828125,15224316
09-Jul-2025,1001.0089360727129,1004.4005203490875,996.5699704674603,1003.1036987304688,13861428
10-Jul-2025,1005.4977851253348,1005.9965439473215,997.5176439735463,1000.6099243164062,17030310
11-Jul-2025,996.5201541247731,999.9117385623401,987.9913902076418,989.3878784179688,12516922
14-Jul-2025,989.0387573242188,991.8816582943851,982.8541356715338,989.0387573242188,13088850
15-Jul-2025,984.0511806165923,999.3131887778599,984.0511806165923,995.2732543945312,14498168
16-Jul-2025,1006.4952830829005,1008.8394251469304,993.826797075495,995.6722412109375,17994612
17-Jul-2025,999.5126501495852,999.9116815490105,988.8890631972324,990.98388671875,22529158
18-Jul-2025,990.9838927216935,996.0213445308241,974.0759568696542,976.2705078125,16129446
21-Jul-2025,986.6446826643673,998.5151670456409,985.7968170158388,997.7670288085938,22309078
22-Jul-2025,1004.051390877723,1006.4953213272488,999.0139388595042,1001.058837890625,14836814
23-Jul-2025,1003.0039954915454,1012.3806857402005,999.0139248978445,1009.6375122070312,13634916
24-Jul-2025,1016.3208076773761,1016.3208076773761,1001.7072110041944,1004.5999755859375,19107176
25-Jul-2025,1007.5,1007.5,999.5,1002.2999877929688,9306598
28-Jul-2025,1001.5,1010.7000122070312,1000.25,1004.25,12059580
29-Jul-2025,999.9500122070312,1013.25,998.1500244140625,1010.7999877929688,19895696
30-Jul-2025,1014.0,1016.2999877929688,1008.5,1012.9000244140625,15154036
31-Jul-2025,1007.2999877929688,1015.7000122070312,1004.0,1009.0999755859375,22183032
01-Aug-2025,1007.0,1014.1500244140625,1004.6500244140625,1006.0999755859375,11317258
04-Aug-2025,1005.0499877929688,1009.25,994.0499877929688,996.0,13933946
05-Aug-2025,993.25,997.2000122070312,982.75,988.7999877929688,23978058
06-Aug-2025,985.5499877929688,994.0,985.0,992.6500244140625,14080204
07-Aug-2025,990.0499877929688,1000.7999877929688,988.4000244140625,997.7000122070312,13081186
08-Aug-2025,993.5499877929688,996.4000244140625,985.0,986.9500122070312,13895264
11-Aug-2025,987.9500122070312,998.7999877929688,986.5499877929688,997.7999877929688,9105854
12-Aug-2025,995.9500122070312,998.0,983.75,984.9500122070312,12937802
13-Aug-2025,997.0,997.0,984.5499877929688,990.1500244140625,13577396
14-Aug-2025,989.0,998.0,985.5999755859375,995.5499877929688,17511716
18-Aug-2025,1005.0,1013.2999877929688,997.7999877929688,1001.7999877929688,19284796
19-Aug-2025,999.1500244140625,1003.0499877929688,993.3499755859375,995.5499877929688,12352438
20-Aug-2025,993.5,996.0,989.5,994.0999755859375,9950228
21-Aug-2025,998.75,998.75,991.5999755859375,995.5999755859375,12439850
22-Aug-2025,994.9500122070312,998.0,978.5499877929688,982.2999877929688,19833502
25-Aug-2025,980.0999755859375,988.7000122070312,978.5,982.0499877929688,17518044
26-Aug-2025,979.5,985.7000122070312,968.0,973.4000244140625,16917731
28-Aug-2025,967.0,972.2000122070312,955.0,957.7999877929688,25438255
29-Aug-2025,954.0,963.2999877929688,950.0999755859375,951.5999755859375,14823813
01-Sep-2025,949.5999755859375,957.4500122070312,946.3499755859375,950.5999755859375,20178344
02-Sep-2025,951.0,954.7999877929688,944.0,944.5,14196320
03-Sep-2025,945.0,956.2999877929688,940.0,954.4500122070312,16083481
04-Sep-2025,960.2000122070312,965.7000122070312,956.25,961.25,17597657
05-Sep-2025,967.5,967.5,954.0499877929688,963.4000244140625,11602111
08-Sep-2025,969.0,973.1500244140625,960.4500122070312,966.0,11711307
09-Sep-2025,974.0,974.4000244140625,962.7000122070312,965.1500244140625,13985539
10-Sep-2025,973.9000244140625,973.9000244140625,961.7000122070312,965.9000244140625,18091100
11-Sep-2025,960.2999877929688,969.25,959.9000244140625,967.7999877929688,15113633
12-Sep-2025,969.9000244140625,970.75,962.25,967.2999877929688,14363519
15-Sep-2025,969.5999755859375,972.3499755859375,965.0,967.0499877929688,14486377
16-Sep-2025,961.2000122070312,969.3499755859375,961.2000122070312,966.8499755859375,18661794
17-Sep-2025,965.1500244140625,974.4000244140625,964.3499755859375,966.5,17361476
18-Sep-2025,973.2999877929688,979.6500244140625,969.25,976.9000244140625,17791598
19-Sep-2025,974.9000244140625,976.7000122070312,962.0999755859375,966.9000244140625,31243267
22-Sep-2025,964.0,971.2000122070312,961.9500122070312,964.2000122070312,10854415
23-Sep-2025,967.0,968.2000122070312,955.5,957.2000122070312,21022298
24-Sep-2025,952.2000122070312,956.4500122070312,943.0,951.0499877929688,15117220
25-Sep-2025,952.5,958.0,947.4000244140625,949.8499755859375,31413279
26-Sep-2025,945.0999755859375,951.4500122070312,941.2999877929688,945.0499877929688,14874656
29-Sep-2025,946.0499877929688,956.7999877929688,939.0999755859375,950.2999877929688,32398179
30-Sep-2025,958.0499877929688,960.0,946.2999877929688,951.0,28296687
01-Oct-2025,952.7000122070312,969.5999755859375,946.0,965.25,25350832
03-Oct-2025,952.0,966.75,952.0,965.1500244140625,26658296
06-Oct-2025,971.9000244140625,977.4000244140625,962.0,973.4500122070312,18542683
07-Oct-2025,974.0,989.8499755859375,971.0,982.5,25535736
08-Oct-2025,976.0,985.9000244140625,974.5499877929688,978.7000122070312,15939710
09-Oct-2025,974.5,979.0,970.1500244140625,977.0999755859375,15370950
10-Oct-2025,979.0,986.2000122070312,978.0999755859375,980.9000244140625,13757080
13-Oct-2025,974.2999877929688,981.0,972.0,977.0,18634254
14-Oct-2025,970.0,980.4500122070312,967.0,977.1500244140625,22934382
15-Oct-2025,975.0,984.9000244140625,973.3499755859375,978.25,23310447
16-Oct-2025,982.6500244140625,996.5999755859375,981.5,994.3499755859375,22936566
17-Oct-2025,993.9500122070312,1009.0,986.0,1002.5499877929688,25210511
20-Oct-2025,997.0,1020.0,997.0,1002.9500122070312,22195202
21-Oct-2025,1006.0,1010.0,1004.0,1007.7000122070312,3471600
23-Oct-2025,1016.0,1020.5,1006.0,1008.7999877929688,43526526
24-Oct-2025,1011.0,1011.9500122070312,991.2999877929688,994.75,17707768
27-Oct-2025,996.5,1009.0499877929688,996.2000122070312,1002.9500122070312,15700796
28-Oct-2025,997.6500244140625,1008.0,995.0,1003.5499877929688,33904289
29-Oct-2025,1004.9000244140625,1012.5,1000.0,1007.8499755859375,17769445
30-Oct-2025,1000.0,1009.5,997.0999755859375,998.1500244140625,19962917
31-Oct-2025,994.0,1004.4500122070312,981.1500244140625,987.2999877929688,23221330
03-Nov-2025,985.0,994.5499877929688,983.2999877929688,992.6500244140625,16607180
04-Nov-2025,987.0,997.0,983.7000122070312,985.25,20024544
06-Nov-2025,981.0,991.0499877929688,974.0,984.6500244140625,22279516
07-Nov-2025,980.0,984.9000244140625,974.75,982.2999877929688,15004568
10-Nov-2025,982.2999877929688,990.9500122070312,980.2000122070312,984.5,15988262
11-Nov-2025,983.5,993.5,978.0,991.7000122070312,10200530
12-Nov-2025,998.7999877929688,999.0,987.7000122070312,989.5,13137263
13-Nov-2025,984.0,990.0999755859375,982.5999755859375,986.6500244140625,14124839
14-Nov-2025,976.0499877929688,991.6500244140625,976.0499877929688,989.5999755859375,21386965
17-Nov-2025,991.25,997.9500122070312,985.5999755859375,996.5499877929688,18396408
18-Nov-2025,997.6500244140625,999.0,990.0,992.4500122070312,20002640
19-Nov-2025,990.0,996.5499877929688,984.0,994.5999755859375,19813847
20-Nov-2025,995.2999877929688,1011.5999755859375,992.4500122070312,1008.8499755859375,19850865
21-Nov-2025,1003.0999755859375,1008.2999877929688,996.5499877929688,998.0499877929688,17499897
24-Nov-2025,1000.0,1011.4500122070312,993.5999755859375,999.1500244140625,32204053
25-Nov-2025,1004.0,1006.0999755859375,988.4000244140625,989.7999877929688,24989383
26-Nov-2025,981.2999877929688,1006.9500122070312,981.2999877929688,1003.9000244140625,19494356
27-Nov-2025,1002.0999755859375,1016.7999877929688,1001.0,1009.5,25536848
28-Nov-2025,1007.0,1012.0499877929688,1004.2000122070312,1007.5999755859375,15988807
01-Dec-2025,1017.5,1017.5,999.2999877929688,1002.0999755859375,16746566
02-Dec-2025,988.0,994.4000244140625,985.0,989.7999877929688,27316662
03-Dec-2025,986.0,1002.2999877929688,986.0,1000.5,15448777
04-Dec-2025,1000.0,1004.7000122070312,993.0,997.2000122070312,14528169
05-Dec-2025,992.0,1008.0,990.2000122070312,1003.2999877929688,12843366
08-Dec-2025,1000.0,1006.5,997.5,1003.0999755859375,12901022
09-Dec-2025,994.9000244140625,1002.7999877929688,994.0,997.0999755859375,15294322
10-Dec-2025,997.5,998.5,985.2999877929688,989.7999877929688,15322830
11-Dec-2025,990.0,1002.7000122070312,988.5,1000.2999877929688,11844809
12-Dec-2025,1003.0,1004.7000122070312,998.2000122070312,1001.5,11988618
15-Dec-2025,992.0,1001.7999877929688,992.0,996.0999755859375,9790060
16-Dec-2025,990.0999755859375,998.7000122070312,990.0999755859375,994.2999877929688,20049088
17-Dec-2025,996.0,996.0,980.7999877929688,984.0,19080922
18-Dec-2025,973.2999877929688,987.4000244140625,973.2999877929688,979.7000122070312,14912404
19-Dec-2025,987.0,988.0,978.7000122070312,985.5,25952384
22-Dec-2025,988.0,992.9000244140625,983.9000244140625,987.7000122070312,13540411
23-Dec-2025,990.5,998.9000244140625,987.7000122070312,996.5999755859375,17927849
24-Dec-2025,993.0,999.4000244140625,993.0,997.2000122070312,13699996
26-Dec-2025,996.0,997.2000122070312,987.7000122070312,992.0999755859375,9360853
29-Dec-2025,993.0999755859375,997.4000244140625,987.2000122070312,991.7000122070312,13545749
30-Dec-2025,990.2000122070312,995.0,982.2000122070312,990.9000244140625,33155849
31-Dec-2025,991.0,997.5999755859375,987.5999755859375,991.2000122070312,10963454
01-Jan-2026,993.5,997.5499877929688,989.5,991.1500244140625,7132074
02-Jan-2026,991.1500244140625,1003.2000122070312,988.7999877929688,1001.5999755859375,11751459
05-Jan-2026,1005.75,1006.4000244140625,976.2999877929688,977.5,27647379
06-Jan-2026,962.7000122070312,966.7000122070312,956.0,962.2000122070312,31988783
07-Jan-2026,956.0,956.4500122070312,946.0,949.0499877929688,52884712
08-Jan-2026,944.7000122070312,953.0,941.4000244140625,946.7000122070312,21928849
09-Jan-2026,945.0,950.5999755859375,933.2999877929688,939.0,38183839
12-Jan-2026,937.5,942.0,929.5999755859375,936.9500122070312,21071666
13-Jan-2026,947.7000122070312,947.7000122070312,932.5999755859375,937.3499755859375,32042827
14-Jan-2026,930.0,940.0499877929688,920.2000122070312,925.4500122070312,36688248
15-Jan-2026,925.4500122070312,925.4500122070312,925.4500122070312,925.4500122070312,0
16-Jan-2026,922.0,935.9500122070312,919.2000122070312,931.0999755859375,37780235
19-Jan-2026,935.9000244140625,936.1500244140625,919.5,927.9000244140625,38191942
20-Jan-2026,929.2999877929688,934.5,919.5999755859375,931.2000122070312,36022727
21-Jan-2026,925.0,932.1500244140625,915.5,920.3499755859375,32766854
22-Jan-2026,928.0,928.2999877929688,913.2000122070312,918.7000122070312,44444755
23-Jan-2026,920.0,926.0999755859375,909.25,916.0999755859375,30985247
27-Jan-2026,906.0,931.2000122070312,905.0,926.4000244140625,44753093
28-Jan-2026,932.5,941.4500122070312,928.4000244140625,932.7000122070312,35347138
29-Jan-2026,930.0999755859375,939.2999877929688,924.3499755859375,935.5,37175628
30-Jan-2026,930.0,938.9000244140625,927.75,929.25,29691233
02-Feb-2026,915.0,929.7999877929688,909.2999877929688,928.0999755859375,28032106
03-Feb-2026,983.75,994.0,945.0,948.7000122070312,50336968
04-Feb-2026,952.5,957.2000122070312,947.9500122070312,953.0999755859375,24366770
05-Feb-2026,956.0,956.0499877929688,946.7000122070312,949.7000122070312,28103169
06-Feb-2026,945.0,948.0999755859375,937.5999755859375,941.0999755859375,18120272
09-Feb-2026,945.0,950.0,935.3499755859375,937.25,23947829
10-Feb-2026,930.0,940.9000244140625,929.9500122070312,932.4000244140625,31525385
11-Feb-2026,931.25,936.0,925.2999877929688,927.0999755859375,24869804
12-Feb-2026,927.0,928.5999755859375,918.5,920.5999755859375,33872203
13-Feb-2026,913.0,928.2000122070312,901.0,903.9000244140625,50188359
16-Feb-2026,903.9000244140625,929.5,902.0999755859375,925.7999877929688,18806989
17-Feb-2026,923.0,928.0999755859375,918.5999755859375,925.7000122070312,22599629
18-Feb-2026,923.2000122070312,925.5,919.5499877929688,924.7000122070312,12738702
19-Feb-2026,929.0,929.2000122070312,912.4500122070312,915.5999755859375,21209234
20-Feb-2026,911.0,917.8499755859375,908.4000244140625,911.8499755859375,22654907
23-Feb-2026,916.5,925.6500244140625,915.25,923.5999755859375,23270122
24-Feb-2026,927.9500122070312,927.9500122070312,909.1500244140625,910.5,31313985
25-Feb-2026,910.5499877929688,916.0,903.0999755859375,907.5999755859375,27884303
26-Feb-2026,912.0,912.0,895.0,898.5999755859375,41165937
27-Feb-2026,898.5999755859375,898.9500122070312,885.0,887.75,34620755
02-Mar-2026,876.2000122070312,887.75,871.5499877929688,879.4000244140625,38378924
04-Mar-2026,848.0,879.2999877929688,848.0,868.6500244140625,39862322
05-Mar-2026,873.8499755859375,881.4000244140625,863.5,877.75,31324582
06-Mar-2026,868.0499877929688,871.7000122070312,855.0999755859375,857.0499877929688,34439647
09-Mar-2026,825.0,842.4500122070312,821.5,840.7000122070312,35592613
10-Mar-2026,850.0499877929688,856.7999877929688,840.5999755859375,849.4500122070312,52866024
11-Mar-2026,845.0,848.8499755859375,827.5999755859375,833.9500122070312,42261076
12-Mar-2026,820.0999755859375,836.4000244140625,820.0999755859375,832.75,46107561
13-Mar-2026,820.0,823.7999877929688,812.0,817.0,41700464
16-Mar-2026,817.0,844.5,815.6500244140625,840.5999755859375,52182605
17-Mar-2026,847.7000122070312,848.9000244140625,835.0999755859375,845.3499755859375,38826979
18-Mar-2026,845.3499755859375,846.7999877929688,831.5999755859375,843.0499877929688,23507063
19-Mar-2026,770.0,815.6500244140625,770.0,798.2000122070312,171637393
20-Mar-2026,785.0,793.75,778.2000122070312,780.4500122070312,103129469
23-Mar-2026,763.1500244140625,768.7000122070312,741.0499877929688,744.1500244140625,72341738
24-Mar-2026,755.0,772.75,747.7000122070312,764.9000244140625,61269986
25-Mar-2026,768.2000122070312,794.7999877929688,768.2000122070312,782.2999877929688,59230640
27-Mar-2026,773.2000122070312,774.9000244140625,754.5499877929688,756.2000122070312,65485199
30-Mar-2026,745.2000122070312,751.0,726.6500244140625,731.5499877929688,103500135
01-Apr-2026,743.0,755.9000244140625,739.0999755859375,742.25,78862761
02-Apr-2026,730.0,755.0,726.6500244140625,750.9000244140625,49310300
06-Apr-2026,759.0,772.75,745.0,771.0,42976659
07-Apr-2026,766.0,774.0,761.0,772.0,51309793
08-Apr-2026,800.0,817.7999877929688,796.0,816.0999755859375,70269512
09-Apr-2026,815.0,819.0,793.0999755859375,797.7000122070312,48879392
10-Apr-2026,804.0,812.25,801.0,810.2999877929688,38156026
13-Apr-2026,791.5,798.5,787.3499755859375,794.7000122070312,47549328
15-Apr-2026,804.9500122070312,814.7999877929688,804.0,809.9000244140625,39769515
16-Apr-2026,818.0,820.0499877929688,792.2000122070312,795.4500122070312,62861293
17-Apr-2026,790.0999755859375,803.9500122070312,788.2000122070312,799.9000244140625,37282544
20-Apr-2026,797.0999755859375,809.9500122070312,790.0,795.4500122070312,52148044
21-Apr-2026,795.2000122070312,814.9000244140625,795.2000122070312,811.75,49135752
22-Apr-2026,810.0,813.0499877929688,798.0,799.9000244140625,23876412
23-Apr-2026,792.0,796.6500244140625,782.5,784.3499755859375,37677616
24-Apr-2026,777.2999877929688,787.5999755859375,777.0,784.8499755859375,27720358
27-Apr-2026,787.5,793.0,785.0,789.7999877929688,18115375
28-Apr-2026,785.0,794.5,778.2999877929688,782.5499877929688,35366803
29-Apr-2026,785.5,790.0,777.3499755859375,779.0,25799963
30-Apr-2026,770.0,778.7999877929688,762.25,771.7000122070312,47998755
01-May-2026,771.7000122070312,771.7000122070312,771.7000122070312,771.7000122070312,0
04-May-2026,772.5999755859375,786.5999755859375,772.5999755859375,779.4000244140625,29028060
05-May-2026,774.4000244140625,776.9000244140625,763.7000122070312,772.2999877929688,38887657
06-May-2026,775.1500244140625,798.9500122070312,773.5,796.5499877929688,35530831
07-May-2026,794.0,801.5499877929688,788.5499877929688,796.0499877929688,46137553
08-May-2026,784.0,788.75,777.2000122070312,780.8499755859375,38016841
11-May-2026,771.9500122070312,774.8499755859375,761.9000244140625,763.6500244140625,41123422
12-May-2026,756.5999755859375,759.7000122070312,747.7999877929688,750.4500122070312,43937132
13-May-2026,752.0,759.9500122070312,747.3499755859375,749.5999755859375,28960919
14-May-2026,751.0,778.2999877929688,747.0,769.5499877929688,50992358
15-May-2026,773.0,781.9000244140625,765.4000244140625,767.5,24347873
18-May-2026,759.0,774.0999755859375,751.3499755859375,768.6500244140625,29812079
19-May-2026,766.7000122070312,770.7999877929688,760.25,762.4500122070312,40307830
20-May-2026,759.5999755859375,762.25,755.1500244140625,759.5,24013451
21-May-2026,767.0,768.25,755.1500244140625,759.1500244140625,34664725
22-May-2026,759.1500244140625,775.0,759.1500244140625,766.7999877929688,25604071
25-May-2026,,,,,26040225
